{"initial_reset_timestamp": 1574162729.2398136, "timestamps": [1574162782.2640119, 1574162835.0595307, 1574162869.3755963, 1574162904.9139817, 1574162939.8243313, 1574162974.640424, 1574163010.0065687, 1574163044.7228422, 1574163096.6388493, 1574163131.35688, 1574163165.8068068, 1574163200.5375288, 1574163234.837071, 1574163269.8967037, 1574163305.8196957, 1574163340.4559274, 1574163378.7354932, 1574163415.17191, 1574163452.7351353, 1574163489.069958, 1574163525.767788, 1574163561.2008393, 1574163597.9355428, 1574163633.7373993, 1574163669.7014642, 1574163703.8659503, 1574163739.082115, 1574163791.4483035, 1574163827.0312755, 1574163862.1493318, 1574163897.5804389, 1574163932.9796667, 1574164510.6848035, 1574164547.4963255, 1574164583.9005742, 1574164619.685383, 1574164655.4497538, 1574164691.7843626, 1574164727.7330925, 1574164763.4333217, 1574164797.7159321], "episode_lengths": [1000, 1000, 1000, 1000, 1000, 1000, 1000, 1000, 1000, 1000, 1000, 1000, 1000, 1000, 1000, 1000, 1000, 1000, 1000, 1000, 1000, 1000, 1000, 1000, 1000, 1000, 1000, 1000, 1000, 1000, 1000, 1000, 1000, 1000, 1000, 1000, 1000, 1000, 1000, 1000, 1000], "episode_rewards": [-6.1488673139155114, 72.93233082707292, 49.81273408240094, 198.93238434163987, 52.72727272727706, 168.2926829268342, 8.695652173913512, 47.33542319749609, 192.7631578947415, 2.739726027398216, 81.45161290323094, 31.034482758623497, 170.3583061889304, -7.284768211920348, 153.3333333333386, 222.69503546098565, -6.249999999999673, -1.0600706713774113, 31.94444444444735, 0.3344481605359281, 154.83870967742402, 15.384615384616998, 370.37037037035265, 6.617647058824712, 18.57707509881609, 194.96402877697997, 178.3505154639221, 184.58498023715705, 64.79400749064182, -13.04347826086967, 169.34984520124362, 30.57324840764371, -3.6544850498333847, 39.28571428571756, 219.58762886597268, 193.04029304029348, 11.553784860559277, 167.12328767123753, -15.204678362573372, -1.9607843137248329, -7.462686567163935], "episode_types": ["t", "t", "t", "t", "t", "t", "t", "t", "t", "t", "t", "t", "t", "t", "t", "t", "t", "t", "t", "t", "t", "t", "t", "t", "t", "t", "t", "t", "t", "t", "t", "t", "t", "t", "t", "t", "t", "t", "t", "t", "t", "t"]}